<?xml version='1.0' encoding='utf-8'?>
<!DOCTYPE hibernate-configuration PUBLIC
"-//Hibernate/Hibernate Configuration DTD 3.0//EN"
"http://hibernate.sourceforge.net/hibernate-configuration-3.0.dtd">
<hibernate-configuration>
	<session-factory>
		<!-- Configuração da conexão com o banco MySQL e dialeto -->
		<property name="dialect">org.hibernate.dialect.MySQLDialect</property>
		<property name="connection.driver_class">com.mysql.jdbc.Driver</property>
		<property name="connection.url">jdbc:mysql://localhost/locadora</property>
		<property name="connection.username">root</property>
		<property name="connection.password">root</property>
        <property name="current_session_context_class">thread</property>  

		<!-- Usando as configurações do C3PO para pool de conexões -->
		<property name="c3po.min_size">5</property>
		<property name="c3po.max_size">20</property>
		<property name="c3po.timeout">300</property>
		<property name="c3po.max_statements">50</property>
		<property name="c3po.idle_test_period">3000</property>
		
		<!-- Configurações de debug -->
		<property name="show_sql">true</property>
		<property name="format_sql">true</property>
		<property name="generate_statistics">true</property>
		<property name="use_sql_comments">true</property>
		
		<!-- Mapeando classes -->
		<mapping class="com.livro.capitulo3.categoria.Categoria"/>
		<mapping class="com.livro.capitulo3.filme.Filme"/>	
		<mapping class="com.livro.capitulo3.midia.Midia"/>	
		<mapping class="com.livro.capitulo3.cliente.Cliente"/>
		<mapping class="com.livro.capitulo3.endereco.Endereco"/>
		<mapping class="com.livro.capitulo3.locacao.Locacao"/>		
	</session-factory>
</hibernate-configuration>
